{
  "aboutMe": {
    "Contact": {
      "name": "Contact",
      "icon": "ios-contacts",
      "items": {
        "QQ": {
          "title": "QQ",
          "account": "5335505"
        },
        "Email": {
          "title": "Email",
          "account": "xiaochuanchn@gmail.com"
        }
      }
    },
  },
  "info": {
    "html_url": "https://github.com/xiaochuanchn/",
    // "url": "https://api.github.com/repos/crazycodeboy/",
    // "currentRepoUrl": "https://api.github.com/repos/crazycodeboy/GitHubPopular"
  },
  "author": {
    "name": "Alan",
    "description": "Focus on mobile development, front-end development.",
    // "avatar": "http://avatar.csdn.net/1/1/E/1_fengyuzhengfan.jpg",
    // "backgroundImg": "http://www.devio.org/io/GitHubPopular/img/for_githubpopular_about_me.jpg",
    // "url": "http://www.devio.org/"
  },
  "app": {
    "name": "Trending For GitHub",
    "description": "This is an app for viewing GitHub's most popular and trending projects. It supports Android and IOS dual platforms based on react native",
    // "avatar": "http://www.devio.org/io/GitHubPopular/img/ic_app.png",
    // "backgroundImg": ""
  }
}
